,text,neg,neu,pos,compound,comp_score
0,"The earth is getting hotter if you always follow the news broadcasting the world, you have to squeeze it out every day, there are only forest fires the natural way yesterday reported in the US today in China and this is because of one reason, namely the heat of the past https t co atnskdoo3a",0.0,0.955,0.045,0.9988,pos
1,"santorinissun climate anomaly, the impact is not good for all nations in the world, crop failure, forest fires, etc., anomaly in the human brain, the impact is not inferior, ethics, culture, law, not caring",0.205,0.739,0.056,-0.7249,neg
2,"bhdunia, the temperature in Spain is around 37 degrees Celsius when it's just before 7 am the hot weather triggers the burning of large forests in several countries https t co urbzdwqhr0",0.0,1.0,0.0,0.0,neu
3,"Let's call it floods, volcanoes, earthquakes, landslides and even recently, tornadoes have started to occur frequently in this country, when it's dry season, forest fires and dry disasters must be faced with resilience GP2022",0.098,0.902,0.0,-0.5574,neg
4,hundreds of people evacuated from their homes amid forest fires that continue to burn in France https t co pq3bcdnmdy,0.0,1.0,0.0,0.0,neu
5,sitting in portugal the direction of moving after forest fire https t co gnqhkwhrx9,0.167,0.833,0.0,-0.5859,neg
6,valentina rama thanks ma'am gbu even though the weather in the city is cloudy because it's been raining since yesterday afternoon but i think it's raining thanks to seeing the news again there are forest fires in other countries because of the hot weather we are grateful for what God has given until today,0.0,0.797,0.203,0.9091,pos
7,"hi friends, info bmkg kalbar alert potential easy to burn forest and land in the west kalimantan region from 16 to 19 july 2022 karhutla karhutlakalbar infobmkgkalbar weatherkalbar https t co lkxksavj5q",0.0,0.773,0.227,0.802,pos
8,anticipating forest and land fires Babinsa patrolling karhutlah with residents https t co hwtidl7fcb https t co aktnov3jb3,0.0,1.0,0.0,0.0,neu
9,Burning forests is said to be increasingly widespread and difficult to control the state https t co rbrpmy9cwr,0.135,0.865,0.0,-0.6124,neg
10,"Catchmeupid in Indonesia has realized that all areas have started planting trees and burning forests which, although still exist, are lacking, except in Jakarta, even the trees at Monas are turned into furniture.",0.0,1.0,0.0,0.0,neu
11,more than 3 000 members of the bomba with lumps of fire madam Bakar are the same community as the community where awaninews awanipagi https t co maoqr6nq4d,0.088,0.912,0.0,-0.34,neg
12,West Kalimantan weather information today alert for forest and land fires in West Kalimantan - this data is data up to BMKG regarding West Kalimantan's weather information today hooks on forest and land fire alert in West Kalimantan https t co voqdibonwz,0.055,0.845,0.1,0.25,pos
13,"I hope that weekends with people are happy, friends, rosadijamani, continue to grow well for the same without any strings attached and also without leveraging the matter of planting sincere values ​​https t co dx46tnfvqs",0.024,0.587,0.388,0.9444,pos
14,"splash 888 budimandjatmiko jokowi, oil palm farmer 17 million, is there a lot of forest land that has been turned into oil palm land and where is forest wood used for forest fires, maybe this is the culprit",0.0,1.0,0.0,0.0,neu
15,"partners build programs for strong facilities for the parties to prevent and manage forest and land fires, there are strong parties, please change the paradigm of burning forest and land from madam api https t co lcs40s36l9",0.0,0.661,0.339,0.9246,pos
16,oil palm and mining businesses burn forest in France 10 000 people evacuated https t co zb3wyw52kz,0.0,1.0,0.0,0.0,neu
17,Gironde local government level of alert due to forest fires that are extensive up to 8000 hectares Indonesian citizens in the Gironde area remain vigilant & pay attention to general orders for emergency telephone numbers for ambulances 15 police 17 madam burn 18 hotlines to protect Indonesian citizens 33621122109 https t co 6u6ct6u1g0,0.071,0.814,0.115,0.3612,pos
18,burned almost 5 000 hectares of pine trees in the French gironde continued to be extensive not 10 000 people evacuated https t co zwpp7vnia9,0.0,1.0,0.0,0.0,neu
19,ancient mass extinction research on earth caused by massive forest fires https t co 2pav2809vl earth science research burned extinct https t co yminbfz6jy,0.0,1.0,0.0,0.0,neu
20,"shallhar podo sis, it's very hot here, mixed with forest fire, won't let the deingi record reach 47 c",0.123,0.821,0.056,-0.3182,neg
21,burn forest in northern morocco https t co cbyzjmragh,0.0,1.0,0.0,0.0,neu
22,forest fires spread in france 480 people evacuate https t co 38fm0rzcfd,0.0,1.0,0.0,0.0,neu
23,https tco jgdymoippn,0.0,1.0,0.0,0.0,neu
24,"I hope the people who belong to the sun will add more than the old farmers, how to move, which might be the trigger for burning forests and land",0.0,0.903,0.097,0.4404,pos
25,"This activity that took two days 13 14 07 2022 was divided into two locations, namely Bumi Harapan Village and Sukaraja Village, Head of Paku District, which aims to provide MPA capacity levels in controlling forest and land fires.",0.0,1.0,0.0,0.0,neu
26,"klhk then directorate of forest and land fire control, directorate general of climate change control, ppi is the same as mangola agni daops kalimantan xii-paser balai ppikhl kalimantan as strong active mpa in the capital city of the archipelago ikn https t co s0o8niswdy",0.05,0.826,0.124,0.5574,pos
27,"There are many strong indications that forest and land fires in the PT Rambang Agro Jaya concession area deliberately stopped the police from reporting this, the Tempo Tempo Institute collaboration and international media support IMs Korantempo https t co pdgbz6qiwi",0.043,0.82,0.137,0.6249,pos
28,forest fires are getting bigger in france hundreds of people evacuate from homes https t co crw7a7rgvz,0.0,1.0,0.0,0.0,neu
29,the world's largest giant tree sequoia threatens to burn forests again https t co lfgxlufgvf,0.167,0.833,0.0,-0.3818,neg
30,french command down not 1 000 madam duty over forest burn https t co o3bgadsk2c,0.0,1.0,0.0,0.0,neu
31,day three burnt the scorched forest 3850 hectares of land in France the area of ​​​​the madam has not been able to madam https t co nvv5iyrli6,0.0,1.0,0.0,0.0,neu
32,atus again prey moving after forest fires in fmtnews https t co n9bjhbocbw,0.0,1.0,0.0,0.0,neu
33,hundreds of people evacuated from homes during forest fires landa france https t co cjvhshicnv burns portugal heatwave ridesnewsco,0.0,1.0,0.0,0.0,neu
34,forest fires in southwestern france spread hundreds of residents evacuate from their homes https t co sbty7xkprw heatwave extreme french forest fires https t co t0bqhh8be2,0.0,1.0,0.0,0.0,neu
35,"Burning forests in France, hundreds of people evacuate https t co v7lcmsnsot",0.0,1.0,0.0,0.0,neu
36,bennett kazuha forest fire https t co hkgcxt2rm3,0.286,0.714,0.0,-0.34,neg
37,how come the account in the forest is burning,0.0,1.0,0.0,0.0,neu
38,"The heat wave that hit Europe was due to forest fires in France and Portugal. The hot weather was the reason it was difficult to extinguish the fire so that this pack was international, there was a compass https t co 3rfjwizyz0",0.114,0.886,0.0,-0.5994,neg
39,"bomba wrestling escorting forest fires, hopefully it's easy for everyone to take care of my brother, bomba music https t co ftfv4xnboj videosinar burn wawahaba https t co swhmom6igc",0.0,0.732,0.268,0.9761,pos
40,"Reporters of the Karhutla Task Force ask for active efforts to prevent forest and land fires. Reporters for RRI, however, listen fully at 88 8FM Rrinet & RRI Playgo -amd",0.0,0.877,0.123,0.4215,pos
41,"but in turn, the voices of young people are taken over, even though young people have new dreams, big dreams where the poverty rate goes down, children can get access to education in a green environment, no more deforestation and forest fires for a better life https t co 9uuajdktux",0.12,0.698,0.182,0.9796,pos
42,https t co euhh1u6glm east kuta resort police team Thursday 14 7 2022 held a coordination meeting with hook parties to anticipate forest fires and land and forest fires in the district of east kuta poldakaltim kaltim kamihumaspolri https t co 8bouosxkvc,0.0,0.932,0.068,0.4019,pos
43,Lahat Police Public Relations - on Thursday 14 July 2022 at 09 00 wib active zoom meeting in the framework of the pre-ops training program with the aim of burning forest and land in the Lahat Police Hall https t co enyg17bnq0,0.0,0.935,0.065,0.4019,pos
44,The fire that started last Tuesday has destroyed almost 4 000 hectares of the forest area of ​​the cloudinews cloudipagi https t co rzitptxqqx,0.219,0.781,0.0,-0.6808,neg
45,"Thousands of madam Bakar fight for the madam of the blazing fire, the number of areas in Portugal and for the West of Spain on Wednesday 13 7 https t co szbh3lori8",0.15,0.811,0.039,-0.9022,neg
46,bhdunia incident threatens to sit and travel industry https t co xfdmgx4eti,0.206,0.794,0.0,-0.6369,neg
47,"si auo frizth catchmeupid yoi it's dry, gin should be grateful, imagine if it's dry for 3 months without rain, the mountains burn the news on ditv about the difficulty of clean water, the reservoir is dry and we in Sumatra inhale the smoke from the forest fires every day",0.044,0.85,0.105,0.5106,pos
48,the auo catchmeupid gpp it's still a lot of dry rain than no rain at all the effect of forest fires every day breathing smoke greetings from sumatra,0.073,0.833,0.093,0.1531,pos
49,"hi friends, info bmkg kalbar be aware of the potential for easy burning of forest and land in the west kalimantan region from 15 to 17 july 2022 some areas of kalbar karhutla karhutlakalbar infobmkgkalbar weatherkalbar https t co adpewkz6fs",0.0,0.86,0.14,0.7184,pos
50,"Europe lands on extreme heat waves, burns, breaks out forests https t co rym9uh99fm",0.0,1.0,0.0,0.0,neu
51,collaborative efforts to prevent forest and land fires https t co 4pmhx4ro0s,0.0,0.901,0.099,0.0258,neu
52,"forest fires in West Sumatra, West Sumatra, the rate is drastic compared to last year with the same period, so the rate is around 167 percent - regional https t co zwgq7znvzc",0.0,1.0,0.0,0.0,neu
53,Day 3 of forest fires in this remote French Gironde area 5300 hectares of land due to heat and dryness https t co zfvejy8ihh https t co pfsf9lp1lv,0.0,1.0,0.0,0.0,neu
54,"partners build programs for strong facilities for the parties to prevent and manage forest and land fires, there are strong parties, please change the paradigm of burning forest and land from madam api https t co wsyj9xumq5",0.0,0.661,0.339,0.9794,pos
55,The Karhutla Task Force has called the business party to make the same commitment https t co epmij0uvo2,0.0,0.739,0.261,0.8625,pos
56,"Be alert, so forest and land fires must go to the West Sumatra Province, West Sumatra, which is on standby because of the detection of the number of hotspots reaching 484 points by June 2022, burning Sumatran forest fires https t co fvpqm1cazs",0.0,0.88,0.12,0.5106,pos
57,"two fires burned almost 1 700 hectares of pine trees in the French Gironde, Madam's efforts to burn the forest continue to sell https t co pnmfjc1eaf",0.0,1.0,0.0,0.0,neu
58,https tco yt2biepc7w,0.0,1.0,0.0,0.0,neu
59,heat wave triggers forest fires in many regions of europe cabartvone https t co klape4g7ns,0.0,1.0,0.0,0.0,neu
60,Massive fires hit forests in central Portugal and western Spain when the two countries were hit by Spain's Portugal heatwave https t co ml5khyskar,0.0,1.0,0.0,0.0,neu
61,Burn the forests of landa portugal and spain in the middle of a heatwave https t co mwpev7o18g,0.0,1.0,0.0,0.0,neu
62,"Burning forest and land that was finished in several areas in Sumatra and Kalimantan, the value was still under control in the period 1 January-11 July, 258 hotspots were observed in the number of science and technology areas, adadikompas pradiptapm https t co epwd3ob8tw",0.0,0.915,0.085,0.4019,pos
63,heatwave due to forest fires in europe https t co yx0wyqtwne sariagri tani,0.0,1.0,0.0,0.0,neu
64,https t co 0y4nyngicn https t co 0y4nyngicn,0.0,1.0,0.0,0.0,neu
65,"I'm sad every time I read the case of forest fires, it's not only about the trees inside but also the animals that are fighting for their lives, thanks for reviewing Ms. Lendyreny https t co w0axwbillw",0.157,0.752,0.09,-0.8201,neg
66,3 worst forest fires in history one landa 55 million hectares of land https t co dcjiydjjmn,0.227,0.773,0.0,-0.6249,neg
67,heatwave triggers forest fires in europe https t co g51ukmbmbz,0.0,1.0,0.0,0.0,neu
68,bulletinfmhighlights past heat wave sparks forest fires in Europe crises of violent eating gun gangs due to 89 deaths in Haiti New zealand collects face cover covid-19 test kit for free source bharianmy bulletinfm https t co prdnpc7eew,0.144,0.78,0.076,-0.4588,neg
69,Babinsa Koramil 04 Rupat is led by Serka Julia Nursanto and 3 MPA members like a patrol to prevent forest and land fires from burning in the village of Suakarjo Mesim Kec Rupat Bengkal Regency Thursday 14 7 2022 https t co tf7cxsdnyg,0.0,0.911,0.089,0.3818,pos
70,scorching heat wave triggers forest fires in Europe https t co dakhznm6cs,0.0,1.0,0.0,0.0,neu
71,Burning forest due to heat wave lands Portugal https t co 4r0of78mhj,0.0,1.0,0.0,0.0,neu
72,one task of burning forest and land in Jambi asks all plantation businesses in the area to take an active role in preventing forest and land fires from burning https t co tlvdoy5xv9,0.033,0.888,0.08,0.3818,pos
73,"dinorauw shkn, is there a letter for the national fuel forest",0.0,1.0,0.0,0.0,neu
74,heatwave triggers forest fires in europe https t co yaxj5xyoph,0.0,1.0,0.0,0.0,neu
75,West Kalimantan BPBD continues its efforts so that at the title of ministerial meeting from neighboring countries at Bimp-Eaga in November 2022 there will be no forest fires in West Kalimantan publisherstory https t co kwge1scmjo,0.061,0.939,0.0,-0.296,neg
76,"Compared to last year with the same period, the forest fire rate in West Sumatra is around 167 percent https t co g4v6n2a2dk",0.103,0.897,0.0,-0.34,neg
77,heatwave triggers forest fires in portugal and spain - between news bengkulu https t co wevnktofqa,0.0,1.0,0.0,0.0,neu
78,heat wave triggers forest fires in several european countries https t co zf8qv1u0kr https t co 6pimgcdnwf,0.0,1.0,0.0,0.0,neu
79,thousand tasks madam burn on wednesday 13 7 fight against more than 20 fires that ravaged in portugal and spain west europe burnt forest fires updatebali https t co cl1ufbzueh https t co 1usro4ug9t,0.08,0.92,0.0,-0.3818,neg
80,"Burning forest and land that has been completed in several areas in Sumatra and Kalimantan, the value is still under control in the period from January 1 to July 11, 258 hotspots have been monitored in the number of areas for the humanities, adadikompas https t co 0rsitqg8od",0.0,0.922,0.078,0.4019,pos
81,"Burning forest and land that was finished in several areas in Sumatra and Kalimantan, the value was still under control in the period 1 January-11 July, 258 hotspots were observed in the number of science and technology areas, adadikompas https t co 4cyvyb5xs1",0.0,0.913,0.087,0.4019,pos
82,there needs to be education to the community around the forest to get involved in preventing forest fires https t co kuuxfrocr2,0.052,0.948,0.0,-0.0258,neg
83,"as an effort to anticipate forest fires, the forest is ready https t co giimpvku6h",0.0,0.839,0.161,0.3612,pos
84,Forest fires in Batu City are mostly triggered by human activities https t co yikjyhmo6o,0.0,1.0,0.0,0.0,neu
85,Heat waves call for temperatures to soar above 45 degrees Celsius in some parts of Europe https t co cxbvnmns9x,0.0,1.0,0.0,0.0,neu
86,heat wave triggers great forest fire in europe https t co bdbdsjsw38,0.155,0.581,0.265,0.4019,pos
87,"if you burn the forest, both small and large, the real impact is very loss for many parties, therefore maybe we should prevent it from burning, what can we do, read this post by mbk lendyreny, let's bwbplus https t co gaku1bkhll",0.058,0.856,0.086,0.0534,neu
88,"Morning buddy, there is new information, there is new information regarding hotspots on July 13, 2022, monitor 4 hotspots indicating forest and land fires in the East Nusa Tenggara region.",0.0,1.0,0.0,0.0,neu
89,heat wave reaches 45 degrees thousand madam Bakar fights over more than 20 fires that ravaged Portugal and western spain https t co jvqyyjrzv5,0.108,0.843,0.048,-0.6124,neg
90,two fires have burned almost 1 700 hectares of pine trees in gironde coilnews https t co rmkjizgfbb,0.0,1.0,0.0,0.0,neu
91,https t co exhdmyfmk9 - burn France's vast forests of thousands of residents evacuate https t co vf819jnjkb,0.0,1.0,0.0,0.0,neu
92,"hi friend, info bmkg kalbar alert potential easy to burn forest and land in the west kalimantan area on 14 to 20 july 2022 some areas of kalbar karhutla karhutlakalbar infobmkgkalbar weatherkalbar https t co qvlrr7pssn",0.0,0.794,0.206,0.8074,pos
93,burn landa forest more than 1800 hectares of land in france work still being done madam https t co btdcwna4wo,0.0,1.0,0.0,0.0,neu
94,"awesome, really hot to burn the forest mstar220714 https t co ntkned0phn",0.0,0.709,0.291,0.6249,pos
95,"ekokuntadhi, there is an earthquake, flash flood, erupting mountain forest, Mr. Eko Kunthadi, politics, Indonesian religious employees, continue to be vigilant, Jakarta, West Java, Banten, the position of the background formula e is not different, it's not important, read the meaning of eco https t co dv68krivfn",0.034,0.929,0.037,0.0279,neu
96,5 directions to build the island of Borneo 1 hold Kalimantan function like the lungs of the world 2 develop to prevent natural disasters from flooding and forest fires 3 levels of conservation and rehabilitation das suharso m Jiwamudaindo Performancesoeharsomonoarfa https t co leojwhzk6l,0.082,0.778,0.14,0.8176,pos
97,5 directions to build the island of Kalimantan 1 hold Kalimantan function like the lungs of the world 2 develop to prevent natural disasters from flooding and forest fires 3 levels of conservation and rehabilitation das suharso m Jiwamudaindo Performancesoeharsomonoarfa https t co vngmasatcz,0.082,0.778,0.14,0.8176,pos
98,"5 directions to build the island of Kalimantan 1 hold Kalimantan like the lungs of the world 2 develop to prevent natural disasters from flooding and forest fires 3 levels of conservation and rehabilitation of watersheds for critical lands, protected forest & production forest, performancesoeharsomonoarfa https t co raoame1e8g",0.114,0.713,0.173,0.9432,pos
99,"5 directions to build the island of Kalimantan - hold on to the function of Kalimantan as the lungs of the world - develop to prevent natural disasters from flooding & forest fires - level of conservation & rehabilitation of critical land watersheds, protected forest & production forest performancesoeharsomonoarfa https t co duiflt17yy",0.113,0.763,0.124,-0.7184,neg
100,Burn the forests of landa portugal and spain in the middle of a heatwave https t co gvnxrszrcd,0.0,1.0,0.0,0.0,neu
101,"Turkey's president condemns forest fires, President Recep Tayyip Erdogan is strongly criticized for being responsive and not ready for large-scale forest fires https t co bvndvzryte",0.243,0.615,0.141,-0.5122,neg
102,EU recalls forest fires EU official has resigned last week for threatening forest fires due to climate change https t co 2bbl8p2on3,0.221,0.779,0.0,-0.6597,neg
103,prime minister of portugal burns forest prime minister of portugal ant nio costa cancels trip abroad for hands there is an emergency on wednesday 13 7 2022 https t co 3zd4ttklor,0.143,0.857,0.0,-0.5423,neg
104,European Union forest fires series of charred forest fires for EU countries https t co cdv3hn7jtm,0.0,1.0,0.0,0.0,neu
105,burn forests iran https t co hcigiybz4c,0.0,1.0,0.0,0.0,neu
106,5 directions to build the island of Kalimantan 1 hold Kalimantan function like the lungs of the world 2 develop to prevent natural disasters from flooding and forest fires 3 levels of conservation and rehabilitation das suharso m Jiwamudaindo Performancesoeharsomonoarfa https t co hsnlob1ang,0.082,0.778,0.14,0.7906,pos
107,five directions to build the island of Kalimantan 1 hold Kalimantan function like the lungs of the world 2 develop to prevent natural disasters from flooding and forest fires suharso m Jiwamudaindo Performancesoeharsomonoarfa https t co 7w6tj96t0u,0.093,0.749,0.158,0.8591,pos
108,"Anticipation of forest and land fires, Deputy Governor of West Sumatra leads the task force for the West Sumatra Dalkarhutla Task Force https t co vqxahfqzqr",0.0,0.945,0.055,0.1027,pos
109,forest fires continue to hit the iberian peninsula https t co bjhpvnrelv,0.0,1.0,0.0,0.0,neu
110,large amounts of fire hit forests in central portugal and western spain https t co l2bqqzpa9n,0.146,0.854,0.0,-0.34,neg
111,484 hotspots for detection of forest and land fire alerts in West Sumatra https t co hnbaiogtf0,0.138,0.862,0.0,-0.34,neg
112,"kdrama menfess park dokyung red flag it's like a forest fire but I'm willing to burn it too, it's okay, aka those eyes, I'm sorry",0.116,0.734,0.15,0.2382,pos
113,Burning forest devoured 1 700 hectares of land in France https t co ca3l1iqndn,0.0,1.0,0.0,0.0,neu
114,"heat waves from Europe, Spain and Portugal also hit the dry season and burned forests when the hot and hot weather had spread to France and the United Kingdom https t co mdmlswkw0b https t co ri1j8tmkfk",0.0,0.924,0.076,0.9186,pos
115,forest fires in spain are difficult to extinguish n if the sultan without a palace is involved and nature is allowed in the fire madam then we will raise our hands to ask for the grace of Allah swt to protect the heavens and the earth n we ask for the forests of kalimantan sulawesi sumatra papua standby https t co tag70wmhy2,0.074,0.803,0.123,0.4939,pos
116,beautiful poppies blooming in california forest fire site https t co qfg4gk2j8d,0.157,0.588,0.255,0.3612,pos
117,"Forest fires at 167 percent rate, West Sumatra, donate two major hotspots in Indonesia https t co alwrywwnq6",0.0,1.0,0.0,0.0,neu
118,This number is a rate of 167 percent compared to the number of hotspots in 2021. https t co xrz9t3xh3t,0.0,0.86,0.14,0.1531,pos
119,spay balance 10 000 idr php rt amp open this link https t co kffztadiiy rep proof end in 5 hrs goodluck hunters,0.0,1.0,0.0,0.0,neu
120,"Sumatra sits in second position, burning land and forest reaches 9 045 https t co f3tjf8uwdh",0.0,0.915,0.085,0.0516,neu
121,and forest fires have started in several cities near lisbon and also in the algarve the air in porto is hot and the sun is closing in the smoke,0.0,1.0,0.0,0.0,neu
122,"Anticipation of forest and land fires, Deputy Governor of West Sumatra leads the task force of West Sumatra's Dalkarhutla Task Force https t co blwdz5ojgq https t co urobzxxi5h",0.0,0.949,0.051,0.1027,pos
123,strangernews11 thinks the news of Indonesia burning forests again is similar to the question min,0.0,1.0,0.0,0.0,neu
124,Thousands of tourists evacuated due to forest fires covering an area of ​​1 700 hectares in France https t co osyenxig5u,0.0,1.0,0.0,0.0,neu
125,about 600 firefighting tasks madam dua forest fire in southwestern france https t co rogjz3u2eu,0.156,0.844,0.0,-0.34,neg
126,"Anticipation of forest and land fires, Deputy Governor of West Sumatra leads the task force of West Sumatra's Dalkarhutla Task Force in Sijunjung https t co aero9lyclq",0.0,0.947,0.053,0.1027,pos
127,"Bayu Angora especially during the dry season and the forest burns, we can coordinate the time to pray for rain as well as for a witchcraft detachment, suitable to be offered to Ukraine to win the war",0.088,0.726,0.186,0.5106,pos
128,"0xwrwrwinx when the grandfather said it used to be busy often for drinking parties with babi guling but one day the hotel was burnt they couldn't get out and the car was still there the number of people died there were 100 people who only met a few people at night, the vibes were like a forest",0.078,0.817,0.105,-0.09,neg
129,"West Sumatra Provincial Government, West Sumatra Provincial Government, asks all tasks to be alert to the threat of burning hotspots in West Sumatra in January-May 2022 https t co yk9omcapqm",0.104,0.828,0.067,-0.296,neg
130,Sijunjung police chief attends standby apple for forest and land fires in 2022 in Muaro Takung https t co h99howflu3,0.0,1.0,0.0,0.0,neu
131,"Nagareksa can you do it, nanda, there is a heart that takes care of you, doesn't Mika want to become smoke between forest fires",0.048,0.826,0.126,0.4548,pos
132,"The activities that are running during the program are said to be entering the landscape of the issue of forest fires, showing off, withdrawing lucky tickets, demonstrations for composting steel and tree planting activities in conjunction with the Malaysian green program https t co hp4hcsrtnn",0.0,0.939,0.061,0.6808,pos
133,forest fires in spain are difficult to extinguish n if the sultan without the palace is involved and nature is allowed in the fire madam then we will raise our hands to ask for the grace of Allah swt to protect the heavens and the earth n we ask for the forests of kalimantan sulawesi sumatra papua standby https t co tag70wmhy2,0.073,0.806,0.121,0.7506,pos
134,burn the forest for the country so that it teaches us we must take care of the forest and remember the hornbills and the new world order is happening,0.0,0.897,0.103,0.4939,pos
135,the world is hot because of forest fires in some areas https t co ktnr5ozdo1,0.0,1.0,0.0,0.0,neu
136,"Babinsa Koramil 04 Rupat is led by Serma Sihol Sinaga and 3 MPA members like a patrol to prevent forest and land fires burning in Sri Tanjung Village, Kec Rupat, Bengkal Regency Wednesday 13 7 2022 https t co gmnvotgqjk",0.0,0.904,0.096,0.3818,pos
137,"I think the trigger for this burning is the extreme heat that reaches 40 degrees Celsius, coilnews https t co 2t6ajnw1xg",0.0,0.938,0.062,0.0516,neu
138,"mskaban3 when you were the minister of forestry, was it good for you to do zero forest fires, pointing at people's noses, it's easy to compare yourself to introspection, lacking self-esteem compared to the people you appointed incompetent, now there's no karhut like you used to have, how many land conversions are more powerful than you",0.079,0.75,0.171,0.7264,pos
139,forest burning tirantmusic,0.0,1.0,0.0,0.0,neu
140,riistrettoo forest fire,0.545,0.455,0.0,-0.34,neg
141,portugal forest fires in the middle of dry 29 injured https t co yn4sytvf1e,0.184,0.816,0.0,-0.4019,neg
142,mskaban3 pakkatdayak in the era of forest fires so be a subscriber when will your duct tape be cut off,0.104,0.896,0.0,-0.2732,neg
143,"Soes is dry, usually the sky is red and burned by the forest",0.0,1.0,0.0,0.0,neu
144,Aditya Herdian This fire emoji a lot is not a spirit but a forest fire xixi,0.377,0.623,0.0,-0.6198,neg
145,"burn landa forest, yosemite national park, california, usa, park, call it a collection of tall, large trees that are hundreds of years old https t co pqwbah8hh1",0.0,1.0,0.0,0.0,neu
146,"burn landa forest, yosemite national park, california, usa, park, call it a collection of tall, large trees that are centuries old https t co pqwbah8hh1",0.0,1.0,0.0,0.0,neu
147,"National Agency for Disaster Management (BNPB) revealed an area of ​​​​approximately 27 hectares in Rok downstream Rohil district, Riau Bakar province on Sunday 10 7 at 10 00 WIB, the forest and land fires burned at five points mgtradio mgtnews mgtplay https t co qie3zx7n2s",0.089,0.911,0.0,-0.6249,neg
148,"this week it's hot in portugal someone will touch the number 45 c in porto this morning at 11 21 am the heat is already 38 c several cities in portugal are in the red alert phase, hopefully there won't be a lot of forest fires so everyone is always healthy",0.0,0.832,0.168,0.7845,pos
149,"545 madam Bakar's task is currently fighting against fire in a proactive way to protect the forest with a collection of more than 500 sequoia trees, call coilnews https t co bkaenmowyn",0.139,0.708,0.153,0.128,pos
150,past temperatures sparked forest fires in portugal https t co jcw2tnok8q,0.0,1.0,0.0,0.0,neu
151,past temperature sparks forest fire in portugal https t co i371cbq4v8,0.211,0.789,0.0,-0.34,neg
152,as many as 125 forest fires were sold in Portugal only last Saturday https t co jydus5tk5b,0.0,1.0,0.0,0.0,neu
153,burn forest unesco site in france https t co uleitk9acv,0.0,1.0,0.0,0.0,neu
154,burn the forest sitting in five cities in spain moved to get news now on telegram https t co vkwfqjhaxz https t co snprvuyxss,0.0,1.0,0.0,0.0,neu
155,Hundred sits in 5 Spanish cities moved due to forest fires Malaysianow news flashnews Spain forest fires https t co lakqsw8uch,0.0,1.0,0.0,0.0,neu
156,"The dry season, which is a sign of minimal rainfall, the Meteorology, Climatology and Geophysics Agency (BMKG), remembers all parties to be vigilant so that the temperature level triggers the burning of forests and land and forest fires in South Sumatra https t co 1eleuwelt4",0.0,0.903,0.097,0.5267,pos
157,the authority where to ask for help from the Spanish army madam burning the forest https t co gjsd5wobus,0.0,0.8,0.2,0.4588,pos
158,US officials said that more than 35 000 forest fires were finished throughout the US this year the number of mentions was far above average,0.0,0.949,0.051,0.0772,neu
159,Yosemite's fire and flight management department said they were proactive in protecting the forest they were ready to flush systems to dampen the humidity levels around trees and lose fuel that could trigger fires from the site.,0.118,0.76,0.122,0.0516,neu
160,flash sale i like alms a set of 5 flash sale books from 178 000 to 148 750 myself from 1 beautiful smile rajwa 2 visit madam burn 3 trees dur heaven fruit 4 al-qur an braille for tum 5 lost in the forest https t co sf7dyf1bmi,0.047,0.701,0.252,0.9999,pos
161,"Burning in Yosemite National Park, California, United States, threatens the Mariposa forest, known as the international giant sequoia tree, Adadikompas https t co wjtvlhqefp",0.098,0.795,0.106,0.0516,neu
162,the task of protecting the world's largest trees from the threat of forest fires https t co cglmsunflv,0.175,0.825,0.0,-0.5267,neg
163,"emerson yuntho mskaban3 wow, the former forest trio, yes, the forest used to burn often",0.0,0.667,0.333,0.7579,pos
164,"papamysterius matanajwa don't talk about regulation, bro. He's been a minister since the time of SBY. He doesn't even know if it's the quality of the brain that has a lot of people, he won't understand first when he's criticized about forest fires, he just laughs",0.052,0.881,0.067,0.1779,pos
165,"Entering summer in the US, I try to burn the forest here instead it often rains https t co uxrfj3bhdw",0.0,1.0,0.0,0.0,neu
166,portuguese heatwave emergency 3 000 international forest fire extinguishing collar duty https t co jdoixtlxo3 https t co fyrjpxdvx5,0.263,0.737,0.0,-0.6124,neg
167,forest fire bhdunia also donates to hot heat https t co wbl1vg43e7,0.194,0.806,0.0,-0.34,neg
168,"adi blinx yudha4efah simbokesarah uki23 jokowi already brother, there are many delicious kufr people in this country, I remember when I was still going back and forth in Timika before Jokowi's era, flights were often delayed and canceled because of the haze caused by forest fires, now there's no more of that",0.075,0.858,0.068,0.1531,pos
169,"This gentleman is not the one who asked Harrison Ford about forest fires, instead the answer is democracy https t co oonrct98zh",0.0,1.0,0.0,0.0,neu
170,"please accept this, oh my god, I'm tired, pity burning the forest",0.267,0.366,0.366,0.2263,pos
171,"Europe becomes hell, rivers burn, forests run amok https t co t2nqadbv38",0.315,0.685,0.0,-0.6808,neg
172,emerson yuntho mskaban3 is suitable to be the minister of forest fires or the minister of smoke export,0.0,1.0,0.0,0.0,neu
173,burn sumeru forest https t co uxfddp16jc,0.0,1.0,0.0,0.0,neu
174,thousand of the tasks of madam collar over forest fire in portugal https t co xlkebecjb5,0.146,0.854,0.0,-0.34,neg
175,thousand tasks for madam collar over forest fire in portugal https t co wn1aqrbkuw,0.167,0.833,0.0,-0.34,neg
176,"rd19 reborn21s luvsucculent long time ago, tsunami, earthquake, volcano erupted, burned the forest, there was a role from dew, there was collaboration between haarp and dew, only when there was congorna, only a few became more literate. so https t co vxxkspwj4i",0.0,1.0,0.0,0.0,neu
177,"aries bintan ilhamrandy10 rianrd3 alvinlie21 10 years has not been the era of shame over forest fires, you can't export smoke to neighboring countries every year, so that the state always protests without leadership until everyone calls the country on autopilot and goes on their own https t co ji6ejczxeb",0.096,0.904,0.0,-0.6124,neg
178,portugal forest fires in the middle of the dry 29 injured https t co yn4sytvf1e,0.172,0.828,0.0,-0.4019,neg
179,"the area of ​​forest and land burned in the upstream reaches 80 hectares, the fire can only be extinguished after 3 days madam https t co z0k72u4e56",0.09,0.865,0.045,-0.296,neg
180,"wkwkkw it's cool but it would be better if you want to make something like this on an empty land, don't go near the forest, the worst case can cause fire https t co k0a4o2moyx",0.227,0.561,0.212,-0.4118,neg
181,"prevent forest fires, climb up merbabu, prohibit only fires still burning https t co s3y4xqdc1c",0.0,0.922,0.078,0.0258,neu
182,Burning forests in us threatens to have big trees in the world https t co ulwalnxcgj sariagri tani,0.14,0.86,0.0,-0.3818,neg
183,forest fires threaten thousand year old sequoia trees https t co mt5nuhhips via youtube,0.178,0.822,0.0,-0.3818,neg
184,portugal wrestling hands burning forest heat wave https t co y6gnbzphfr via youtube,0.0,1.0,0.0,0.0,neu
185,war against forest burn portugal collar 3 000 madam and 60 planes https t co 9hj5anqlty,0.231,0.769,0.0,-0.5994,neg
186,burn portugal forest collar 3 000 madam duty https t co 2yppsedbye,0.0,1.0,0.0,0.0,neu
187,natural phenomenon of forest fire https t co ozx6tb7e4p,0.22,0.55,0.229,0.0258,neu
188,Burning forest and land in the upper reaches of Riau is getting more and more difficult. Madam Api's task is difficult because water is difficult and access to the location is very difficult.,0.295,0.676,0.029,-0.9006,neg
189,portugal forest fires in the middle of dry 29 injured https t co aty3yxs07w,0.184,0.816,0.0,-0.4019,neg
190,portugal wrestles with onenews forest fire https t co ckau4gzhbg,0.231,0.769,0.0,-0.34,neg
191,https t co eswb3qc4vl https t co eswb3qc4vl,0.0,1.0,0.0,0.0,neu
192,worried about burning forests in malaysiagazette https t co wrxzon7pbb,0.216,0.784,0.0,-0.6808,neg
193,Burning forest and land in the upper reaches of Riau is getting more and more difficult. Madam Api's task is difficult because water is difficult and access to the location is very difficult https t co h6ss6ltnhz,0.275,0.698,0.027,-0.9006,neg
194,Burning forest and land in the upper reaches of Riau is becoming more and more difficult. Madam Api's task is difficult because water is difficult and access to the location is very difficult https t co dbzc5nbky7,0.275,0.698,0.027,-0.9721,neg
195,Heat wave hits Spain again due to forest fires https t co hiazvdmdt2,0.0,1.0,0.0,0.0,neu
196,"burn the forest back into Riau, water bombing helicopter collar https t co 7gj6gujluj",0.0,1.0,0.0,0.0,neu
197,one collar water bombing helicopter to help madam burn the forest https t co yow9jgdf7e,0.0,0.828,0.172,0.4019,pos
198,https t co dkvge0jens fires landa california forest threatens world's old trees https t co orh9q1dvrz,0.167,0.833,0.0,-0.3818,neg
199,Burn the finished forest at the fruit of the land at the small town fruit iklin in central malta on Sunday 10 7 pm the time of duty madam burn immediately collar for madam blaze https t co ydbjcycv1p,0.0,1.0,0.0,0.0,neu
200,"Head of the Regional Disaster Management Agency, BPBD, Riau Province, Medy Afrizal, said helicopters had been deployed to support Madam's efforts to burn forest and land in several parts of Riau. https t co cifeqdunkw",0.106,0.825,0.07,-0.34,neg
201,more than 3 000 firefighters and 30 collar planes for forest fire control on week 10 7 in portugal authorities said the fire had injured 29 people https t co p23ggp79az,0.231,0.769,0.0,-0.7579,neg
202,burn portugal forest https t co a2nztuzbwm,0.0,1.0,0.0,0.0,neu
203,eric vander boy cnnindonesia riau burns the singapore forest cover the smoke try to wind up why is singapore raging the same as jakarta dongok,0.124,0.876,0.0,-0.5267,neg
204,spain send help to portugal https t co 0mygiuxrxa,0.0,0.722,0.278,0.4019,pos
205,"there's a lot of forest burning right now, really wkwkw https t co 1quze3egaq",0.0,1.0,0.0,0.0,neu
206,burn forest landa portugal in the middle of heatwave https t co xcmvjjfpnr,0.0,1.0,0.0,0.0,neu
207,"burning empty land and it is customary for people to catch swamp fish by burning in Oki Regency, it is necessary to pay attention to stakeholders, strong community awareness, regulations, sanctions and the law and multi-stakeholder cooperation as to prevent forest and land fires https t co 7b1kmpwz4f",0.063,0.85,0.087,0.296,pos
208,"burn the forest again, landa skirt upstream riau 50 hectares of fire sindonews is not ordinary news https t co 5xz7kjpk54",0.112,0.888,0.0,-0.34,neg
209,burn yosemite park fire that threatens forest giant sequoia tree known yosemite still growing https t co nf707ccfgz,0.242,0.676,0.082,-0.765,neg
210,burning forest and air pollution https t co iwixyva7kt,0.0,1.0,0.0,0.0,neu
211,yellow warning for extreme high temperature --- madrid city of kuning,0.194,0.806,0.0,-0.34,neg
212,"burning land and forests in rohul, the task of asking for water bombing is getting wider https t co axjbs7lusv https t co givlp4tzqt",0.0,1.0,0.0,0.0,neu
213,xxdmrkle your account is burning the forest,0.0,1.0,0.0,0.0,neu
214,hellgateonearth apkh there is a forest fire sis,0.286,0.714,0.0,-0.34,neg
215,like forest fire,0.407,0.169,0.424,0.0258,neu
216,prevent land and forest to avoid burning by babinsa koramil 09 kemuning https t co rs6isyweya https t co jkamkzu3ga,0.114,0.829,0.057,-0.2732,neg
217,burning forest and land and forest fires in the village of Suka advanced sub-district head encroaching on Rok Hulu district Rohul Riau Pasuk Day two of the week 10 7 2022 https t co l5o89tsry7,0.0,0.941,0.059,0.25,pos
218,Roseola asks for forest fire,0.375,0.625,0.0,-0.34,neg
219,control center for climate change and forest and land fires for Java region bal nusa southeast wish you a happy Eid al-Adha 1443h buddyiklim khlk ditjenppi bppikhljbn https t co woyxbbnrz1,0.0,0.808,0.192,0.7506,pos
220,"control center for climate change and forest and land fires in Java, Nusa Tenggara, wish you a happy Eid al-Adha 1443h buddyiklim khlk ditjenppi bppikhljbn https t co gtkp2zvlbz",0.0,0.796,0.204,0.7506,pos
221,"The car wipe that was in front of the workshop fruit was destroyed in a fire in a forest area near the road to Nova U5 94a, the beautiful page of the night, the vibration of the past https t co z8rxi0jgpi",0.123,0.791,0.086,-0.1779,neg
222,It's good to be able to sell forest fires that participate because the Madam operation's fire vehicle laps will sell immediately until Burning Jaya controls the word in reality today https t co 0yphqjpzsx,0.066,0.854,0.08,0.25,pos
223,"The appearance of the wild boar Inoko mochi is an essential dish to serve at sado time because it is believed that the wild boar is the message of Marici, the god of war and fire in Buddhism and believes in strong possessions to help anyone from being burned.",0.108,0.753,0.139,0.2023,pos
224,Sungaibuloh Bomba received an anxious call on fire on the road nova u5 94a scenic page at 8 29 pm https t co aqfdcrgz1o,0.18,0.82,0.0,-0.8807,neg
225,no injury malaysiagazette https t co notvpy4vfe,0.556,0.444,0.0,-0.6124,neg
226,Babinsa Koramil 09 patrols forest and land fires with residents anticipating forest and land fires https t co 3qnxr8gn5y,0.0,1.0,0.0,0.0,neu
227,bhkes no poor souls report https t co zwevinb6hx,0.469,0.531,0.0,-0.6486,neg
228,"hi friend, info bmkg kalbar potential easy to burn forest and land in the west kalimantan region for this pack for the area it is included in the easy category - very easy karhutla karhutlakalbar infobmkgkalbar weatherkalbar https t co 79xldx8gwt",0.0,0.746,0.254,0.8979,pos
229,burn forest in rome https t co nmrsb1qily,0.0,1.0,0.0,0.0,neu
230,forest and land in the village like advanced natural rohul burns great https t co e4tukkek4y,0.0,0.498,0.502,0.9839,pos
231,burning forest during road trip in Kalimantan - https t co qmvihkouvh https t co kinviyaf21,0.0,1.0,0.0,0.0,neu
232,burning forest during road trip in Kalimantan - https t co eoohba3hae https t co gu1wctghqu,0.0,1.0,0.0,0.0,neu
233,"Happy Sunday night, friends, because tomorrow is the weekend and it's perfect for a holiday. Mimin wants to share information on the Indonesian weather forecast for the next 3 days. Watch for the potential for forest fires in the East Nusa Tenggara region. Stay alert, friends & happy weekend. Overview of the weather. Bmkg. https t co y7qk5ssydt",0.0,0.653,0.347,0.9732,pos
234,"big fires land on forest and land in the village like progress, the sub-district head expands the district of Rok Hulu Rohul Riau Saturday 9 7 2022 https t co undsjuqfx3",0.0,0.789,0.211,0.6908,pos
235,"what's wrong, tot cm the problem just like that until it's made big like forest fire https t co akvrjdsmtc",0.301,0.515,0.184,-0.4939,neg
236,"bro s41d thank you bang said wkwkwk it's hard to burn your heart, bro, you lost, you burnt the forest, so it's a loss to take it with you, it's fun",0.169,0.674,0.156,0.1335,pos
237,"1 electro and dendro react yess the pattern is beautiful even though I don't really understand the effect of 2 which is hydro, how do I understand why there are seeds like that, then 3 is impatient to burn forests with klee 4 different reactions, drop waw makes more and more thoughts about playing this game, guys haha ​​but I'm worth it",0.065,0.735,0.2,0.8428,pos
238,flash sale i like alms a set of 5 flash sale books from 178 000 to 148 750 myself from 1 beautiful smile rajwa 2 visit madam burn 3 trees of heaven fruit dur 4 al-qur an braille for tum 5 lost in the forest https t co sf7dyf1bmi,0.046,0.707,0.246,0.9999,pos
239,Babinsa Koramil 04 Indra urges people to stay alert to forest and land fires https t co sy4wzqpgzc https t co o3do5y4650,0.0,0.896,0.104,0.296,pos
240,"hi friends, info bmkg kalbar potential easy to burn forest and land in the west kalimantan region for this pack for the area it is in the easy category - very easy karhutla karhutlakalbar infobmkgkalbar weatherkalbar https t co xojknqinkr",0.0,0.742,0.258,0.8957,pos
241,"France lands wildfires, threatens unesco site https t co r2vupmgmlc",0.245,0.755,0.0,-0.3818,neg
242,smoke from forest fires destroys ozone layer https t co wrxkytrmsi,0.286,0.714,0.0,-0.5574,neg
243,"ekowboy2 keep on fighting even though it's like dew drops that mean to stop burning the true forest, God who can rain and stop burning the people's job is only effort and prayer",0.167,0.654,0.179,0.128,pos
244,forest fire smoke insulation makes ispa just the same as unhealthy,0.392,0.608,0.0,-0.7003,neg
245,South Sumatra prone to forest fires is now the most ready to face https t co yciploeort sumsel karhutla,0.0,0.859,0.141,0.6794,pos
246,a pratama2001 gatse8 oh yes they can move because of the funds collected by fpi and act wekekekeke pantesan mount kelud erupts mount krakatau erupts aceh tsunami burns forests where it is the punishment for disbanding fpi and act,0.076,0.859,0.064,-0.128,neg
247,"what kind of cigarette did you smoke when you smoked, it's a forest fire, bro, isn't it? https t co pfltya6zxs",0.118,0.882,0.0,-0.34,neg
