,text,label,processed
0,soes kering bisabisanya langit merah bakar hutan,1,soes kering bisabisanya langit merah bakar hutan
1,aadityaherdian emot api semangat bakar hutan xixi,1,aadityaherdian emot api banyak ini bukan semangat tapi bakar hutan xixi
2,bakar hutan landa taman nasional yosemite california as taman kenal koleksi pohon usia ratus httpstcopqwbahhh,1,bakar hutan landa taman nasional yosemite california as taman sebut kenal dengan koleksi pohon yang tinggi besar dan usia ratus tahun https t co pqwbah8hh1
3,bakar hutan landa taman nasional yosemite california as taman kenal koleksi pohon usia ratus httpstcopqwbahhh,1,bakar hutan landa taman nasional yosemite california as taman sebut kenal dengan koleksi pohon yang tinggi besar dan usia ratus tahun https t co pqwbah8hh1
4,badan nasional tanggulang bencana bnpb lahan luas hektare kabupaten rok hilir rohil provinsi riau bakar minggu wib bakar hutan lahan karhutla titikmgtradio mgtnews mgtplay httpstcoqiezxns,1,badan nasional tanggulang bencana bnpb ungkap lahan luas kurang lebih 27 hektare di kabupaten rok hilir rohil provinsi riau bakar pada minggu 10 7 pukul 10 00 wib bakar hutan dan lahan karhutla itu jadi di lima titik mgtradio mgtnews mgtplay https t co qie3zx7n2s
5,minggu panas portugal sentuh angka c porto pagi am panas c kota portugal fase red alert moga bakar hutan sehat,1,minggu ini panas di portugal ada yang akan sentuh angka 45 c di porto pagi ini pukul 11 21 am panas sudah 38 c beberapa kota di portugal ada di fase red alert moga bakar hutan tidak banyak jadi sehat selalu semua
6,tugas madam bakar juang lawan api proaktif lindung hutan koleksi pohon sequoia kumparannews httpstcobkaenmowyn,1,545 tugas madam bakar saat ini sedang juang lawan api masuk cara proaktif lindung hutan dengan koleksi lebih dari 500 pohon sequoia sebut kumparannews https t co bkaenmowyn
7,suhu lampau cetus bakar hutan portugal httpstcojcwtnokq,1,suhu lampau cetus bakar hutan di portugal https t co jcw2tnok8q
8,suhu lampau cetus bakar hutan portugal httpstcoicbqv,1,suhu lampau cetus bakar hutan di portugal https t co i371cbq4v8
9,bakar hutan laku portugal sabtu httpstcojydustkb,1,seba nyak 125 bakar hutan laku di portugal hanya pada hari sabtu lalu https t co jydus5tk5b
10,bakar hutan situs unesco perancis httpstcouleitkacv,1,bakar hutan situs unesco di prancis https t co uleitk9acv
11,bakar hutan duduk bandar sepanyol pindah dapat berita kini telegram httpstcovkwfqjhaxz httpstcosnprvuyxss,1,bakar hutan duduk di lima bandar di sepanyol pindah dapat berita kini di telegram https t co vkwfqjhaxz https t co snprvuyxss
12,ratus duduk bandar sepanyol pindah akibat bakar hutan malaysianow berita flashnews spain bakar hutan httpstcolakqswuch,1,ratus duduk di 5 bandar sepanyol pindah akibat bakar hutan malaysianow news flashnews spain bakar hutan https t co lakqsw8uch
13,pasuk kemarau tanda minim curah hujan badan meteorologi klimatologi geofisika bmkg waspada tingkat suhu picu bakar hutan lahan karhutla sumatra selatan httpstcoeleuwelt,1,pasuk kemarau yang tanda minim curah hujan badan meteorologi klimatologi dan geofisika bmkg ingat semua pihak untuk waspada jadi tingkat suhu yang picu jadi bakar hutan dan lahan karhutla di sumatra selatan https t co 1eleuwelt4
14,kuasa tempat bantu tentera sepanyol madam bakar hutan httpstcogjsdwobus,1,pihak kuasa tempat minta bantu tentera sepanyol madam bakar hutan https t co gjsd5wobus
15,jabat as bakar hutan as ratarata,1,para jabat as kata bahwa lebih dari 35 000 bakar hutan jadi di seluruh as panjang tahun ini jumlah sebut jauh di atas rata
16,departemen manajemen bakar terbang yosemite proaktif lindung hutan sistem siram tingkat lembap pohon hilang bahan bakar picu api lokasi,1,departemen manajemen bakar dan terbang yosemite kata pihak cara proaktif lindung hutan mereka siap sistem siram untuk tingkat lembap di sekitar pohon dan hilang bahan bakar picu api dari lokasi
17,flash sale suka sedekah set isi buku flash sale senyum indah rajwa kunjung madam bakar pohon dur buah surga alquran braille tum sesat hutan httpstcosfdyfbmi,1,flash sale aku suka sedekah satu set isi 5 buku flash sale dari 178 000 jadi 148 750 diri dari 1 senyum indah rajwa 2 kunjung ke madam bakar 3 pohon dur buah surga 4 al-qur an braille untuk tum 5 sesat di hutan https t co sf7dyf1bmi
18,bakar taman nasional yosemite california amerika serikat ancam hutan mariposa kenal pohon sequoia raksasa internasional adadikompas httpstcowjtvlhqefp,1,bakar di taman nasional yosemite california amerika serikat itu ancam hutan mariposa yang kenal dengan pohon sequoia raksasa internasional adadikompas https t co wjtvlhqefp
19,tugas lindung pohon besar dunia ancam bakar hutan httpstcocglmsunflv,1,tugas lindung pohon besar di dunia dari ancam bakar hutan https t co cglmsunflv
